1.jpg,72
2.jpg,24
3.jpg,168
4.jpg,102
5.jpg,36
6.jpg,66
7.jpg,66
8.jpg,18
9.jpg,30
10.jpg,90
11.jpg,78
12.jpg,90
13.jpg,96
14.jpg,24
15.jpg,0
16.jpg,48
17.jpg,6
18.jpg,60
19.jpg,60
20.jpg,84
21.jpg,78
22.jpg,78
23.jpg,126
24.jpg,102
25.jpg,72
26.jpg,36
27.jpg,18
28.jpg,6
29.jpg,72
30.jpg,66
31.jpg,66
32.jpg,84
33.jpg,18
34.jpg,90
35.jpg,66
36.jpg,84
37.jpg,84
38.jpg,84
39.jpg,78
40.jpg,84
41.jpg,18
42.jpg,102
43.jpg,84
44.jpg,78
45.jpg,12
46.jpg,90
47.jpg,84
48.jpg,108
49.jpg,30
50.jpg,0
51.jpg,78
52.jpg,120
53.jpg,60
54.jpg,90
55.jpg,36
56.jpg,90
57.jpg,96
58.jpg,30
59.jpg,60
60.jpg,90
61.jpg,18
62.jpg,72
63.jpg,42
64.jpg,78
65.jpg,66
66.jpg,48
67.jpg,78
68.jpg,78
69.jpg,60
70.jpg,66
71.jpg,54
72.jpg,84
73.jpg,42
74.jpg,96
75.jpg,66
76.jpg,84
77.jpg,108
78.jpg,72
79.jpg,48
80.jpg,72
81.jpg,0
82.jpg,6
83.jpg,72
84.jpg,78
85.jpg,36
86.jpg,78
87.jpg,6
88.jpg,120
89.jpg,66
90.jpg,60
91.jpg,18
92.jpg,60
93.jpg,60
94.jpg,66
95.jpg,24
96.jpg,84
97.jpg,54
98.jpg,90
99.jpg,84
100.jpg,72
101.jpg,60
102.jpg,66
103.jpg,0
104.jpg,72
105.jpg,78
106.jpg,96
107.jpg,84
108.jpg,72
109.jpg,72
110.jpg,6
111.jpg,0
112.jpg,72
113.jpg,60
114.jpg,72
115.jpg,36
116.jpg,78
117.jpg,0
118.jpg,54
119.jpg,144
120.jpg,78
121.jpg,78
122.jpg,108
123.jpg,6
124.jpg,66
125.jpg,60
126.jpg,0
127.jpg,78
128.jpg,66
129.jpg,36
130.jpg,72
131.jpg,6
132.jpg,72
133.jpg,72
134.jpg,72
135.jpg,72
136.jpg,12
137.jpg,18
138.jpg,78
139.jpg,66
140.jpg,60
141.jpg,0
142.jpg,66
143.jpg,60
144.jpg,90
145.jpg,66
146.jpg,0
147.jpg,84
148.jpg,66
149.jpg,84
150.jpg,66
151.jpg,84
152.jpg,78
153.jpg,72
154.jpg,54
155.jpg,12
156.jpg,60
157.jpg,84
158.jpg,72
159.jpg,78
160.jpg,18
161.jpg,114
162.jpg,78
163.jpg,54
164.jpg,60
165.jpg,66
166.jpg,84
167.jpg,0
168.jpg,78
169.jpg,72
170.jpg,60
171.jpg,66
172.jpg,72
173.jpg,78
174.jpg,90
175.jpg,48
176.jpg,36
177.jpg,72
178.jpg,66
179.jpg,12
180.jpg,72
181.jpg,78
182.jpg,66
183.jpg,72
184.jpg,42
185.jpg,78
186.jpg,36
187.jpg,84
188.jpg,78
189.jpg,84
190.jpg,72
191.jpg,60
192.jpg,48
193.jpg,0
194.jpg,0
195.jpg,78
196.jpg,48
197.jpg,78
198.jpg,72
199.jpg,54
200.jpg,60
201.jpg,90
202.jpg,84
203.jpg,84
204.jpg,78
205.jpg,0
206.jpg,0
207.jpg,90
208.jpg,84
209.jpg,66
210.jpg,66
211.jpg,0
212.jpg,0
213.jpg,42
214.jpg,72
215.jpg,72
216.jpg,78
217.jpg,60
218.jpg,60
219.jpg,0
220.jpg,60
221.jpg,78
222.jpg,24
223.jpg,60
224.jpg,60
225.jpg,102
226.jpg,66
227.jpg,72
228.jpg,78
229.jpg,0
230.jpg,54
231.jpg,0
232.jpg,72
233.jpg,78
234.jpg,0
235.jpg,96
236.jpg,60
237.jpg,66
238.jpg,96
239.jpg,96
240.jpg,48
241.jpg,120
242.jpg,0
243.jpg,96
244.jpg,60
245.jpg,24
246.jpg,0
247.jpg,66
248.jpg,54
249.jpg,48
250.jpg,66
251.jpg,0
252.jpg,90
253.jpg,6
254.jpg,60
255.jpg,60
256.jpg,84
257.jpg,78
258.jpg,102
259.jpg,84
260.jpg,84
261.jpg,120
262.jpg,54
263.jpg,108
264.jpg,24
265.jpg,66
266.jpg,90
267.jpg,84
268.jpg,90
269.jpg,72
270.jpg,132
271.jpg,102
272.jpg,6
273.jpg,30
274.jpg,78
275.jpg,66
276.jpg,114
277.jpg,60
278.jpg,0
279.jpg,78
280.jpg,114
281.jpg,126
282.jpg,30
283.jpg,54
284.jpg,96
285.jpg,48
286.jpg,96
287.jpg,42
288.jpg,78
289.jpg,96
290.jpg,12
291.jpg,60
292.jpg,108
293.jpg,6
294.jpg,24
295.jpg,24
296.jpg,72
297.jpg,6
298.jpg,126
299.jpg,12
300.jpg,54
301.jpg,90
302.jpg,54
303.jpg,60
304.jpg,96
305.jpg,18
306.jpg,132
307.jpg,84
308.jpg,60
309.jpg,6
310.jpg,78
311.jpg,78
312.jpg,96
313.jpg,48
314.jpg,66
315.jpg,0
316.jpg,6
317.jpg,66
318.jpg,0
319.jpg,90
320.jpg,72
321.jpg,78
322.jpg,54
323.jpg,96
324.jpg,78
325.jpg,6
326.jpg,96
327.jpg,48
328.jpg,78
329.jpg,12
330.jpg,54
331.jpg,54
332.jpg,66
333.jpg,54
334.jpg,60
335.jpg,66
336.jpg,6
337.jpg,60
338.jpg,78
339.jpg,6
340.jpg,0
341.jpg,18
342.jpg,72
343.jpg,78
344.jpg,18
345.jpg,60
346.jpg,0
347.jpg,126
348.jpg,66
349.jpg,84
350.jpg,72
351.jpg,66
352.jpg,96
353.jpg,84
354.jpg,0
355.jpg,120
356.jpg,78
357.jpg,78
358.jpg,60
359.jpg,6
360.jpg,42
361.jpg,84
362.jpg,114
363.jpg,78
364.jpg,6
365.jpg,66
366.jpg,78
367.jpg,66
368.jpg,72
369.jpg,72
370.jpg,84
371.jpg,78
372.jpg,78
373.jpg,72
374.jpg,36
375.jpg,54
376.jpg,18
377.jpg,48
378.jpg,66
379.jpg,60
380.jpg,6
381.jpg,0
382.jpg,24
383.jpg,66
384.jpg,78
385.jpg,72
386.jpg,102
387.jpg,72
388.jpg,90
389.jpg,84
390.jpg,72
391.jpg,54
392.jpg,12
393.jpg,0
394.jpg,60
395.jpg,66
396.jpg,42
397.jpg,102
398.jpg,30
399.jpg,54
400.jpg,0
401.jpg,156
402.jpg,60
403.jpg,36
404.jpg,90
405.jpg,48
406.jpg,12
407.jpg,78
408.jpg,54
409.jpg,144
410.jpg,66
411.jpg,0
412.jpg,36
413.jpg,66
414.jpg,6
415.jpg,24
416.jpg,90
417.jpg,0
418.jpg,78
419.jpg,72
420.jpg,6
421.jpg,66
422.jpg,6
423.jpg,60
424.jpg,66
425.jpg,66
426.jpg,54
427.jpg,60
428.jpg,30
429.jpg,60
430.jpg,96
431.jpg,12
432.jpg,48
433.jpg,72
434.jpg,6
435.jpg,108
436.jpg,0
437.jpg,66
438.jpg,168
439.jpg,90
440.jpg,90
441.jpg,114
442.jpg,102
443.jpg,84
444.jpg,90
445.jpg,66
446.jpg,6
447.jpg,72
448.jpg,72
449.jpg,96
450.jpg,66
451.jpg,6
452.jpg,54
453.jpg,90
454.jpg,30
455.jpg,84
456.jpg,48
457.jpg,90
458.jpg,84
459.jpg,90
460.jpg,30
461.jpg,66
462.jpg,108
463.jpg,90
464.jpg,0
465.jpg,150
466.jpg,108
467.jpg,60
468.jpg,132
469.jpg,18
470.jpg,78
471.jpg,12
472.jpg,60
473.jpg,36
474.jpg,66
475.jpg,96
476.jpg,30
477.jpg,66
478.jpg,6
479.jpg,66
480.jpg,0
481.jpg,102
482.jpg,12
483.jpg,12
484.jpg,78
485.jpg,0
486.jpg,66
487.jpg,90
488.jpg,66
489.jpg,36
490.jpg,78
491.jpg,30
492.jpg,60
493.jpg,54
494.jpg,72
495.jpg,18
496.jpg,90
497.jpg,78
498.jpg,84
499.jpg,66
500.jpg,66
501.jpg,96
502.jpg,54
503.jpg,102
504.jpg,78
505.jpg,54
506.jpg,102
507.jpg,66
508.jpg,84
509.jpg,96
510.jpg,42
511.jpg,72
512.jpg,66
513.jpg,78
514.jpg,84
515.jpg,0
516.jpg,96
517.jpg,66
518.jpg,0
519.jpg,84
520.jpg,78
521.jpg,72
522.jpg,114
523.jpg,132
524.jpg,66
525.jpg,84
526.jpg,30
527.jpg,6
528.jpg,96
529.jpg,102
530.jpg,24
531.jpg,66
532.jpg,72
533.jpg,18
534.jpg,90
535.jpg,54
536.jpg,138
537.jpg,102
538.jpg,24
539.jpg,18
540.jpg,90
541.jpg,72
542.jpg,84
543.jpg,36
544.jpg,84
545.jpg,30
546.jpg,78
547.jpg,0
548.jpg,96
549.jpg,12
550.jpg,72
551.jpg,90
552.jpg,60
553.jpg,144
554.jpg,66
555.jpg,24
556.jpg,60
557.jpg,24
558.jpg,0
559.jpg,78
560.jpg,96
561.jpg,60
562.jpg,90
563.jpg,60
564.jpg,6
565.jpg,90
566.jpg,132
567.jpg,84
568.jpg,60
569.jpg,66
570.jpg,78
571.jpg,0
572.jpg,90
573.jpg,6
574.jpg,78
575.jpg,54
576.jpg,42
577.jpg,0
578.jpg,120
579.jpg,90
580.jpg,54
581.jpg,0
582.jpg,72
583.jpg,126
584.jpg,84
585.jpg,96
586.jpg,72
587.jpg,72
588.jpg,0
589.jpg,132
590.jpg,78
591.jpg,66
592.jpg,30
593.jpg,96
594.jpg,78
595.jpg,78
596.jpg,36
597.jpg,66
598.jpg,0
599.jpg,12
600.jpg,66
